{
    "alert_delay_duration_seconds" : 3,
    "backend_api_protocol" : "https",
    "backend_url" : "c1.notraffic.tech:8000",
    "camera_meta_data_frame_height" : 480,
    "camera_meta_data_frame_width" : 640,
    "debug" : {
        "enable_speed_estimator" : false,
        "fps_estimator_convnet" : {
            "enable" : true,
            "frames_in_period" : 100,
            "type" : "period"
        },
        "fps_estimator_main" : {
            "enable" : true,
            "frames_in_period" : 100,
            "type" : "period"
        },
        "manual_config" : {
            "convnet_detection_rois" : false,
            "convnet_update_roi" : false,
            "counting_line" : false,
            "enable" : false,
            "lanes" : false,
            "lava_areas" : false,
            "tracking_roi" : false
        },
        "print_rois" : true,
        "replay" : {
            "enabled" : false,
            "last_frame_index" : -1
        },
        "show_frames" : false,
        "video_streamer" : {
            "dirty_frame" : true,
            "do_resize" : false,
            "enable" : false,
            "host" : "0.0.0.0",
            "port" : 5000,
            "resize_dimensions" : [
                320,
                240
            ]
        },
        "write_output" : false
    },
    "detail" : "Invalid signature.",
    "frame_height" : 480,
    "frame_width" : 640,
    "input" : 0,
    "ir_manager" : {
        "day_time" : {
            "end" : "14:30",
            "start" : "5:00"
        },
        "enable" : true,
        "force_state" : {
            "enable" : true,
            "state" : "off"
        },
        "sleep_time" : 600
    },
    "jwt" : "eyJ0eXAiOiJKV1QiLCJhbGciOiJIUzI1NiJ9.eyJ1c2VybmFtZSI6InVuaXQtMSIsImV4cCI6MzMwNDI3Mjk2MDAsInVzZXJfaWQiOjMsImVtYWlsIjoiIn0.TcBJvUHRNfcN-eWlENd5mtGRJR1Bg-l4VlFYCC5dzNg",
    "location_estimator" : {
        "enable" : true,
        "frames_delta_for_speed_estimation" : 10,
        "reference_points" : {
            "down_left" : [
                [
                    298,
                    380
                ],
                [
                    31.794287,
                    34.642033
                ]
            ],
            "down_right" : [
                [
                    630,
                    378
                ],
                [
                    31.794316,
                    34.641953
                ]
            ],
            "up_left" : [
                [
                    544,
                    165
                ],
                [
                    31.793731,
                    34.641609
                ]
            ],
            "up_right" : [
                [
                    625,
                    173
                ],
                [
                    31.793764,
                    34.641528
                ]
            ]
        },
        "reference_points_" : {
            "crosswalk_right_side_blita" : [
                [
                    609,
                    335
                ],
                [
                    31.794243,
                    34.641783
                ]
            ],
            "end_of_far_traffic_island" : [
                [
                    522,
                    268
                ],
                [
                    31.7935675,
                    34.641363
                ]
            ],
            "left_street_light_1_closest" : [
                [
                    389,
                    271
                ],
                [
                    31.794032,
                    34.641819
                ]
            ],
            "left_street_light_2" : [
                [
                    457,
                    221
                ],
                [
                    31.7937605,
                    34.641699
                ]
            ],
            "left_street_light_3" : [
                [
                    488,
                    203
                ],
                [
                    31.79361,
                    34.6415295
                ]
            ],
            "left_street_light_4" : [
                [
                    515,
                    178
                ],
                [
                    31.7934065,
                    34.6413975
                ]
            ],
            "right_side_against_arrow_1_far" : [
                [
                    613,
                    249
                ],
                [
                    31.793969,
                    34.6416565
                ]
            ],
            "right_side_against_arrow_2" : [
                [
                    609,
                    284
                ],
                [
                    31.7941075,
                    34.641718
                ]
            ],
            "right_side_against_arrow_3_close" : [
                [
                    606,
                    315
                ],
                [
                    31.794195,
                    34.641777
                ]
            ],
            "right_side_stop_line" : [
                [
                    627,
                    369
                ],
                [
                    31.7943385,
                    34.641888
                ]
            ],
            "tight_connection_of_traffic islands" : [
                [
                    627,
                    233
                ],
                [
                    31.79399,
                    34.641636
                ]
            ],
            "tree_traffic_light" : [
                [
                    296,
                    358
                ],
                [
                    31.79422,
                    34.641838
                ]
            ]
        }
    },
    "logger" : {
        "level" : "INFO"
    },
    "overstaying_time_in_seconds" : 10000,
    "recorder" : {
        "cyclic" : {
            "enable" : false,
            "file_length_in_seconds" : 3,
            "frame_height" : 480,
            "frame_width" : 640,
            "max_files_count" : 5,
            "name" : "alert"
        },
        "enable" : true,
        "enable_meta_data_recording" : true,
        "folder" : "./saved_videos",
        "persistence" : [
            {
                "file_length_in_seconds" : 60,
                "fps" : 15,
                "frame_height" : 480,
                "frame_width" : 640,
                "max_files_count" : 1000,
                "name" : "big"
            }
        ],
        "raw_video" : false,
        "scheduled" : {
            "enable" : true,
            "file_length_in_seconds" : 120,
            "frame_height" : 480,
            "frame_width" : 640,
            "interval" : 3600,
            "max_files_count" : 72,
            "name" : "scheduled",
            "type" : "periodic"
        }
    },
    "road_plane" : [
        [
            460,
            309
        ],
        [
            430,
            344
        ],
        [
            518,
            354
        ],
        [
            533,
            315
        ]
    ],
    "scale_line_length_in_meters" : 0,
    "scale_line_points" : [
        [
            561,
            306
        ],
        [
            551,
            342
        ]
    ],
    "speed_estimator" : {
        "road_plane" : [
            [
                223,
                331
            ],
            [
                243,
                278
            ],
            [
                321,
                278
            ],
            [
                313,
                330
            ]
        ],
        "scale_line_length_in_meters" : 1,
        "scale_line_points" : [
            [
                192,
                263
            ],
            [
                178,
                300
            ]
        ]
    },
    "step_duration" : 5,
    "summary_step_duration" : 5,
    "tracking_params" : {
        "a" : "a",
        "area_factor" : 40,
        "compare_method" : "pattern_matching",
        "convnet_detection_rois" : {
            "1" : [
                [
                    127,
                    5
                ],
                [
                    630,
                    402
                ]
            ],
            "2" : [
                [
                    313,
                    84
                ],
                [
                    622,
                    389
                ]
            ]
        },
        "convnet_min_score_thresh" : 0.5,
        "convnet_update_roi" : [
            [
                880,
                587
            ],
            [
                908,
                595
            ]
        ],
        "convnet_update_tracking_rate" : 200,
        "counting_line" : [
            [
                351,
                230
            ],
            [
                424,
                364
            ],
            [
                596,
                370
            ],
            [
                627,
                332
            ]
        ],
        "detection_filter_roi" : [
            [
                543,
                153
            ],
            [
                372,
                272
            ],
            [
                427,
                367
            ],
            [
                595,
                367
            ],
            [
                626,
                328
            ],
            [
                610,
                157
            ]
        ],
        "distance_threshold" : 20,
        "gpu_usage" : 1,
        "lanes" : [
            {
                "id" : 1,
                "points" : [
                    [
                        557,
                        160
                    ],
                    [
                        263,
                        422
                    ],
                    [
                        381,
                        445
                    ],
                    [
                        565,
                        163
                    ]
                ]
            },
            {
                "id" : 2,
                "points" : [
                    [
                        568,
                        166
                    ],
                    [
                        377,
                        447
                    ],
                    [
                        478,
                        456
                    ],
                    [
                        589,
                        172
                    ]
                ]
            },
            {
                "id" : 3,
                "points" : [
                    [
                        591,
                        173
                    ],
                    [
                        477,
                        461
                    ],
                    [
                        626,
                        461
                    ],
                    [
                        608,
                        180
                    ],
                    [
                        599,
                        176
                    ]
                ]
            }
        ],
        "lava_areas" : {
            "1" : [
                [
                    156,
                    182
                ],
                [
                    87,
                    280
                ],
                [
                    202,
                    262
                ],
                [
                    286,
                    205
                ]
            ]
        },
        "max_bb_step" : 10,
        "min_iou" : 0.3,
        "min_objects_interserction" : 5,
        "net_classes" : [
            "car",
            "bus",
            "motorbike",
            "motorcycle",
            "truck",
            "bicycle"
        ],
        "pattern_matching_method" : "pattern_matching",
        "skip_lanes" : [
            {
                "id" : 1,
                "points" : [
                    [
                        361,
                        250
                    ],
                    [
                        419,
                        254
                    ],
                    [
                        321,
                        569
                    ],
                    [
                        115,
                        570
                    ]
                ]
            },
            {
                "id" : 2,
                "points" : [
                    [
                        426,
                        239
                    ],
                    [
                        336,
                        571
                    ],
                    [
                        537,
                        570
                    ],
                    [
                        479,
                        236
                    ]
                ]
            },
            {
                "id" : 3,
                "points" : [
                    [
                        543,
                        240
                    ],
                    [
                        483,
                        238
                    ],
                    [
                        541,
                        572
                    ],
                    [
                        739,
                        563
                    ]
                ]
            }
        ],
        "static_object" : {
            "dist_threshold" : 30,
            "frames_threshold" : 600
        },
        "template_matching_threshold" : 15,
        "trackee_times_lost_by_convnet_thresh" : 150,
        "tracker_method" : "median_flow",
        "tracker_type" : "opencv",
        "tracker_type_" : "pattern_matching",
        "tracking_roi" : [
            [
                469,
                151
            ],
            [
                81,
                404
            ],
            [
                639,
                472
            ],
            [
                639,
                160
            ],
            [
                535,
                155
            ]
        ]
    },
    "video_recorder" : {
        "cyclic" : {
            "enable" : false,
            "file_length_in_seconds" : 3,
            "frame_height" : 480,
            "frame_width" : 640,
            "max_files_count" : 5,
            "name" : "alert"
        },
        "enable" : true,
        "enable_meta_data_recording" : true,
        "folder" : "./saved_videos",
        "persistence" : [
            {
                "file_length_in_seconds" : 120,
                "fps" : 15,
                "frame_height" : 480,
                "frame_width" : 640,
                "max_files_count" : 350,
                "name" : "big"
            }
        ],
        "raw_video" : false,
        "scheduled" : {
            "enable" : true,
            "file_length_in_seconds" : 120,
            "frame_height" : 480,
            "frame_width" : 640,
            "interval" : 3600,
            "max_files_count" : 72,
            "name" : "scheduled",
            "type" : "periodic"
        }
    },
    "video_streamer" : {
        "do_resize" : false,
        "enable" : true,
        "host" : "localhost",
        "port" : 5000,
        "resize_dimensions" : [
            320,
            240
        ]
    },
    "websocket_reconnection_delay_in_seconds" : 1,
    "wrong_way_detection" : {
        "enable" : false,
        "frames_delta" : 50,
        "max_distance_allowed_in_pixels" : 100,
        "road_sink_point" : [
            419,
            391
        ]
    }
}